LONGITUDE_CIRCLE,LATITUDE_CIRCLE,DIAM_CIRCLE
67.50,44.94,5003.32
-66.88,-15.26,5004.53
145.72,-6.49,5010.09
4.83,38.02,5010.14
-129.67,15.88,5010.77
-140.40,-32.01,5011.36
173.01,39.65,5011.51
-131.01,52.08,5016.90
-10.78,37.62,5017.60
26.60,10.04,5017.95
-61.75,-11.65,5020.29
-134.11,34.44,5020.30
24.08,30.27,5021.35
98.65,32.69,5023.30
57.31,18.37,5026.19
167.89,32.04,5027.88
-20.03,30.39,5027.93
-87.57,-32.66,5028.59
155.40,66.53,5030.56
160.31,2.94,5033.29
-171.65,56.51,5033.95
99.57,39.37,5037.81
154.32,16.30,5038.21
75.40,-21.08,5040.63
144.02,39.96,5041.05
-163.83,5.33,5041.78
82.38,-5.87,5046.84
-82.63,-12.45,5048.98
-109.09,22.87,5050.35
98.29,52.12,5050.38
-12.36,33.27,5050.71
-111.12,35.50,5052.25
116.09,19.34,5054.01
96.72,-17.19,5055.04
-12.77,29.93,5062.24
1.13,55.26,5064.02
-36.79,15.64,5064.24
109.51,46.39,5067.37
-126.11,35.33,5070.04
-159.27,14.49,5070.19
49.92,58.06,5071.37
-64.67,41.27,5076.14
-2.46,-35.97,5080.11
-4.61,33.63,5080.55
-155.18,25.86,5081.45
-148.89,46.32,5084.27
-31.74,46.07,5086.11
-68.77,-1.67,5086.20
83.65,3.01,5086.54
-31.06,74.44,5089.34
-151.84,-10.92,5090.83
-174.28,39.23,5090.95
124.28,31.37,5092.30
-5.49,48.40,5095.13
145.93,36.36,5096.87
-123.52,23.71,5097.09
96.45,27.20,5097.74
-1.90,58.99,5097.94
59.89,25.37,5104.96
153.14,-35.90,5111.88
124.95,6.10,5112.93
117.43,49.24,5113.56
34.68,33.21,5118.00
138.79,11.16,5121.76
-60.02,15.02,5122.81
12.11,10.31,5122.86
98.38,63.77,5124.04
161.27,12.91,5124.23
-122.69,45.35,5124.69
-1.57,56.74,5125.46
-106.23,41.35,5129.30
-67.76,22.43,5131.30
125.68,8.34,5134.99
-33.24,26.90,5136.50
58.39,1.01,5144.98
122.90,-31.70,5145.67
-118.74,-32.79,5146.33
52.83,1.37,5148.89
52.47,12.93,5151.23
-127.62,-72.73,5152.46
-81.59,42.55,5152.93
-165.51,33.01,5153.65
65.42,20.43,5153.69
116.81,66.88,5155.82
172.79,64.95,5158.61
124.39,68.02,5159.54
-124.76,17.53,5161.33
-135.44,13.67,5162.49
44.24,-2.20,5166.55
-145.51,-13.23,5168.47
-159.51,5.99,5169.69
127.02,10.52,5171.51
102.54,-46.81,5172.76
133.48,66.49,5172.84
-88.87,47.42,5175.46
169.59,2.43,5175.88
124.85,9.98,5176.74
116.94,35.66,5178.26
68.82,16.44,5180.40
18.64,7.27,5180.77
17.75,49.74,5180.81
25.56,35.60,5192.57
5.42,-47.74,5195.45
161.72,-6.08,5196.50
82.45,23.35,5200.23
172.76,-12.82,5200.66
143.36,18.52,5203.11
107.51,-17.43,5204.84
-174.78,79.45,5210.55
-54.15,3.78,5212.10
-32.98,-26.52,5214.62
-168.91,34.94,5220.55
138.50,19.77,5222.06
7.28,41.50,5223.18
51.67,-34.31,5224.34
-55.60,-3.22,5224.97
144.74,-7.64,5228.63
1.80,-20.73,5229.35
-140.97,-23.55,5233.33
-4.86,-10.32,5236.30
-112.73,-21.79,5236.33
-121.11,3.93,5238.03
80.40,7.92,5239.98
173.41,12.09,5240.40
71.76,-13.30,5244.86
-177.49,0.50,5246.72
-4.47,74.03,5249.37
-145.24,-11.42,5251.46
-147.30,-53.94,5261.45
-77.59,16.98,5262.28
154.90,16.13,5264.94
114.78,64.24,5265.33
-169.13,-14.86,5266.61
-31.38,62.44,5266.72
-161.38,0.14,5266.98
-179.58,-6.38,5269.01
-140.34,30.21,5269.68
71.18,17.48,5271.20
-117.04,27.04,5273.10
112.62,49.94,5283.72
-28.02,-26.29,5287.36
178.03,-4.58,5288.22
132.06,22.04,5291.73
-156.31,-57.83,5293.10
121.50,54.63,5293.21
-10.11,32.72,5297.40
11.82,-6.88,5297.73
73.06,31.79,5297.76
162.83,46.44,5299.86
-136.97,4.22,5300.79
23.83,28.73,5304.94
69.70,69.74,5308.80
98.51,22.03,5309.79
60.11,-14.62,5312.79
-50.71,18.08,5313.26
-143.31,36.32,5314.06
-2.76,32.36,5316.42
-124.82,5.72,5316.65
-115.49,20.71,5319.50
-102.79,17.03,5322.78
82.10,-59.34,5327.64
-35.65,6.36,5331.45
-114.13,25.81,5335.91
-104.41,-5.76,5339.96
8.15,15.67,5342.38
102.62,-40.49,5345.35
67.53,36.72,5348.04
45.35,-26.20,5349.63
-130.25,22.70,5351.71
27.68,32.88,5356.50
34.13,42.26,5357.28
-2.02,63.78,5360.99
79.96,7.40,5362.33
-51.37,-7.09,5362.47
115.69,6.96,5364.40
-99.66,16.00,5369.28
120.61,32.93,5370.17
47.26,-2.63,5370.29
-17.19,52.24,5377.62
-30.88,29.37,5384.25
127.05,14.72,5384.85
-115.75,47.14,5385.97
76.26,68.26,5389.25
-75.63,-2.10,5391.69
173.06,-34.64,5393.38
-104.45,51.36,5393.89
119.87,-74.03,5399.61
1.89,2.51,5400.77
133.88,40.48,5403.40
-80.77,4.28,5404.99
126.54,64.47,5409.30
-42.32,-62.03,5411.94
-93.72,2.37,5412.18
98.34,27.96,5415.03
7.02,37.76,5415.61
-169.24,15.84,5416.61
-88.89,3.76,5416.95
-151.61,18.28,5417.30
-114.30,13.95,5420.84
-39.70,18.52,5422.20
-139.03,6.13,5425.34
173.93,67.77,5430.27
70.20,15.20,5431.13
-156.39,-63.02,5432.57
-96.62,15.41,5441.28
171.36,32.72,5442.51
-75.95,27.07,5442.89
167.55,-19.97,5445.32
-43.39,9.47,5445.47
32.14,39.95,5447.08
129.74,13.59,5450.27
13.74,67.61,5452.43
82.66,-37.03,5452.68
149.10,17.10,5454.88
108.51,61.59,5455.00
-168.92,9.13,5465.22
29.15,-8.19,5469.69
-75.74,-4.61,5472.92
131.20,-0.12,5473.57
-98.78,28.63,5474.48
-152.42,-16.09,5475.82
-154.46,7.71,5476.30
-1.31,10.71,5481.31
44.61,-15.18,5481.66
-0.40,-34.89,5485.18
-118.68,36.32,5486.83
-150.13,-18.76,5486.91
146.79,26.10,5488.62
-160.01,-2.23,5488.91
85.70,17.72,5490.74
-66.63,37.89,5494.41
156.63,-1.68,5497.76
-83.98,58.96,5500.20
51.95,-65.89,5500.86
-120.58,32.83,5501.40
-127.06,-4.63,5508.09
114.83,51.25,5508.64
-39.09,57.54,5512.63
139.53,14.28,5514.35
107.11,7.08,5515.17
67.15,-17.73,5515.69
-32.33,11.81,5521.93
90.48,12.18,5524.46
125.15,-5.62,5525.31
-0.05,44.40,5526.24
-79.06,26.84,5527.87
-155.77,-70.10,5528.52
-72.85,30.19,5529.26
167.79,-4.09,5534.73
-119.97,28.24,5539.04
-102.31,-56.07,5539.64
21.09,49.79,5541.94
134.78,-31.52,5542.22
100.36,27.49,5550.68
138.53,67.77,5551.18
159.66,59.21,5552.30
-100.08,6.14,5562.35
-134.14,32.66,5565.64
69.00,-2.86,5566.29
54.95,44.77,5568.75
-32.58,21.17,5571.73
139.75,38.02,5572.32
140.83,63.35,5575.42
-76.93,-11.39,5577.28
77.71,-67.67,5577.69
-147.78,12.87,5577.93
41.85,36.48,5578.49
-4.59,29.31,5579.23
74.86,-87.84,5581.71
179.77,66.62,5583.63
-38.50,52.88,5584.28
-155.61,7.44,5589.77
-150.51,14.35,5590.05
117.15,-4.08,5590.43
-75.77,35.04,5591.17
-60.07,1.87,5593.49
26.23,9.07,5598.37
144.90,59.82,5598.69
152.74,29.24,5600.04
-108.78,-7.19,5600.33
-132.22,21.13,5600.52
111.99,32.53,5602.91
107.59,32.99,5604.06
27.07,1.22,5616.93
118.04,65.22,5624.89
-37.75,17.09,5627.53
87.65,30.38,5628.20
-75.07,-33.31,5631.02
122.80,67.97,5631.39
35.03,-50.27,5632.20
165.28,8.16,5635.82
53.26,-36.94,5636.07
-165.88,21.30,5636.40
-100.01,42.32,5636.55
90.22,35.39,5642.09
-100.01,-17.56,5645.75
-23.00,52.52,5646.85
-97.08,2.55,5647.78
-101.81,35.28,5650.76
-108.09,7.15,5654.53
111.53,-8.62,5654.93
171.40,15.39,5655.26
171.73,36.97,5658.25
3.98,-18.09,5661.99
179.65,47.89,5662.31
-149.66,48.61,5664.48
43.41,-4.75,5666.28
-170.85,-4.83,5667.03
114.76,-61.81,5667.92
20.34,-43.92,5668.23
60.24,17.73,5671.19
130.91,17.47,5671.30
24.79,3.94,5672.48
-88.35,16.83,5672.77
74.66,32.37,5673.13
143.46,-42.84,5673.48
170.20,49.64,5678.69
48.45,38.51,5681.61
174.63,19.20,5682.28
-12.63,34.95,5696.25
39.82,11.00,5697.31
36.84,49.76,5698.42
58.33,-1.12,5700.33
50.98,-2.43,5704.29
86.40,8.31,5706.50
169.74,45.09,5713.51
165.72,64.10,5718.76
-119.07,10.43,5719.12
52.86,17.78,5720.13
161.99,15.34,5722.23
-166.28,37.53,5724.47
-46.91,1.52,5728.25
28.89,7.02,5729.87
-28.30,49.89,5731.67
106.69,44.70,5732.43
-41.58,12.64,5733.06
-165.11,24.31,5734.12
156.60,-41.37,5734.75
135.91,-2.67,5739.38
-119.63,2.10,5742.31
-104.37,37.20,5745.53
126.37,59.65,5746.13
65.04,4.09,5752.26
-93.28,24.18,5756.48
53.03,55.52,5758.21
168.50,0.03,5758.24
-110.78,32.81,5762.19
120.52,14.46,5762.52
-44.57,-41.90,5763.49
78.81,-27.88,5764.41
-121.07,31.79,5766.57
-111.41,-6.70,5768.29
101.92,40.32,5768.58
-102.09,-2.63,5768.67
-49.02,2.86,5769.10
160.89,12.13,5774.57
88.39,-2.72,5775.54
-143.68,20.81,5781.87
85.05,-41.40,5782.86
168.64,-29.81,5784.83
-72.30,32.54,5786.00
-55.47,14.39,5796.76
74.84,-16.99,5798.30
81.48,30.64,5798.54
-144.14,25.64,5798.78
5.00,-2.36,5799.85
-145.04,50.80,5803.50
-169.36,18.46,5803.92
33.32,-17.55,5806.76
-41.20,26.80,5808.67
44.22,-30.14,5808.76
174.33,29.99,5810.10
-109.76,19.82,5818.89
-117.60,3.65,5819.76
117.99,11.06,5825.66
-55.81,21.20,5825.94
-75.43,2.02,5825.96
-147.42,25.93,5826.39
-168.20,23.23,5831.62
-154.06,61.90,5833.38
12.25,7.64,5833.90
-167.98,24.84,5837.44
0.82,41.01,5838.70
-31.08,60.19,5840.21
41.69,55.05,5844.76
59.90,22.62,5844.83
82.45,-19.45,5848.74
75.95,-5.13,5848.85
88.49,41.81,5853.83
111.68,16.20,5854.18
133.95,25.57,5855.09
-44.46,65.21,5863.90
126.46,20.61,5866.47
-90.90,16.08,5867.32
48.59,-4.43,5870.09
59.47,-73.24,5871.09
50.87,10.58,5872.69
-173.99,52.88,5873.47
-71.21,25.55,5874.71
-173.29,77.15,5881.35
35.67,53.39,5885.88
-86.38,1.54,5892.60
147.53,-15.63,5897.14
-111.55,20.11,5901.56
120.84,17.70,5902.34
-146.31,-6.57,5902.47
-174.81,-16.66,5907.55
55.24,50.48,5911.78
-52.98,0.79,5913.73
-166.00,13.46,5914.29
-104.40,-34.96,5919.23
140.56,-13.92,5920.62
100.84,39.38,5922.38
-87.17,10.73,5926.21
-104.56,39.58,5932.81
52.62,-1.64,5936.82
55.26,40.83,5937.46
-30.00,66.05,5938.85
12.74,-12.95,5939.47
157.46,-1.09,5939.51
45.05,32.81,5944.68
65.65,15.26,5947.02
155.49,3.37,5948.96
139.27,8.74,5949.01
43.34,4.02,5949.43
137.62,17.89,5949.67
31.16,73.32,5952.68
128.55,32.90,5953.84
50.86,3.43,5956.17
35.57,64.13,5956.89
-31.54,-8.24,5956.90
108.99,15.86,5964.89
-36.97,54.84,5965.80
103.51,16.94,5966.55
159.85,-16.31,5977.63
170.00,43.84,5985.41
112.75,15.80,5985.72
124.41,7.49,5986.76
126.53,-20.25,5986.99
-173.35,-6.32,5988.54
28.03,59.12,5989.93
109.93,-9.71,5996.56
-47.84,79.11,6002.66
22.65,11.58,6006.82
27.73,6.81,6012.29
-160.39,7.37,6024.13
-176.38,48.51,6024.14
151.73,40.25,6025.63
-81.18,-52.10,6026.25
-8.67,43.99,6027.55
29.03,21.51,6028.22
162.48,66.08,6033.32
94.31,-15.95,6038.48
110.79,-66.69,6041.90
-133.52,-31.49,6042.16
25.80,-3.25,6042.56
161.89,-22.67,6046.04
167.09,-39.02,6049.77
63.63,2.19,6050.28
-150.72,-7.30,6055.15
179.65,-8.30,6057.35
50.91,-5.56,6064.13
120.84,43.99,6066.61
73.05,-6.09,6070.12
148.05,41.64,6071.06
160.84,-31.35,6073.03
76.79,-4.88,6074.62
158.56,-23.50,6077.79
60.07,70.78,6081.02
-82.17,2.81,6081.61
-0.36,51.26,6084.55
141.90,62.11,6087.03
39.21,14.48,6090.25
133.37,-14.44,6091.39
51.92,-42.05,6092.10
85.93,-14.31,6092.72
37.06,-2.25,6095.33
36.85,54.01,6095.34
44.17,45.37,6096.70
-126.97,-6.45,6099.69
47.76,35.27,6101.33
30.82,41.55,6104.44
140.22,22.93,6108.58
178.10,15.79,6108.85
114.58,71.45,6109.97
-26.20,46.12,6111.05
-107.58,16.10,6111.98
-16.46,34.90,6116.04
121.03,55.45,6116.74
12.95,13.85,6119.80
-142.16,-10.85,6122.07
-168.65,-4.66,6122.75
-179.41,26.35,6127.76
137.59,41.89,6129.22
-139.07,-6.41,6133.42
-158.67,-0.58,6133.88
-45.95,55.26,6133.88
-131.51,28.01,6135.64
-25.46,-61.81,6139.29
168.69,11.83,6143.13
-150.84,23.89,6143.61
-59.19,17.76,6152.99
88.52,58.73,6158.74
48.94,27.13,6166.64
-149.68,-12.20,6169.46
-89.34,13.99,6170.37
-66.81,11.52,6173.64
-104.13,31.87,6175.21
-109.51,-2.59,6175.24
139.91,7.50,6181.25
86.07,27.73,6183.63
12.40,57.61,6186.94
73.69,26.32,6190.33
-153.28,26.33,6191.74
17.66,4.95,6192.16
79.53,-17.89,6192.94
-114.12,-62.28,6197.02
154.05,35.35,6204.89
-64.31,35.49,6205.77
-93.89,17.22,6209.66
-96.10,6.78,6211.09
8.58,-42.74,6214.30
-34.23,4.78,6215.20
-64.68,27.19,6219.44
171.10,42.77,6220.83
52.92,9.06,6221.94
-167.09,45.02,6224.26
172.20,31.06,6225.66
138.52,-35.49,6233.14
98.22,28.53,6233.19
83.75,-4.64,6234.75
133.41,32.29,6236.71
-3.55,63.04,6239.17
161.24,52.29,6242.27
-79.85,-2.03,6245.53
126.24,52.17,6246.15
-106.68,35.51,6249.30
-157.92,6.99,6250.67
-66.49,-61.16,6252.47
-122.41,-19.17,6253.44
-177.54,7.59,6256.13
19.22,30.61,6256.93
-95.07,14.44,6257.51
157.69,51.80,6258.31
41.54,19.21,6262.24
131.26,36.27,6262.68
-76.73,28.07,6263.96
172.99,51.35,6264.62
-1.22,52.54,6264.81
-67.65,9.70,6271.10
-99.47,-14.62,6271.77
16.11,22.16,6278.66
39.58,-53.57,6281.85
-64.43,-13.32,6284.06
85.93,34.71,6289.31
90.76,67.81,6290.60
-69.75,17.11,6295.47
-146.59,-4.63,6306.19
-33.88,6.68,6306.75
-58.37,13.55,6307.20
106.95,71.50,6309.22
-176.32,64.46,6311.86
-38.34,56.32,6313.95
132.19,50.31,6316.37
-144.80,27.37,6319.24
-106.34,-28.64,6321.65
13.00,41.42,6326.00
7.66,16.77,6327.29
-86.38,20.41,6328.84
-160.76,10.10,6340.01
115.57,-52.82,6343.59
-30.87,46.92,6345.15
-8.98,34.40,6346.45
100.89,6.93,6350.04
-160.66,60.30,6352.99
-117.49,12.06,6353.35
-26.34,58.37,6357.23
-76.27,-3.31,6357.33
-84.78,-5.89,6357.54
-58.04,24.72,6359.69
-145.30,-17.48,6359.70
-28.49,41.40,6360.92
-87.86,4.20,6362.14
-169.55,82.37,6363.64
176.79,47.83,6365.11
79.37,37.81,6366.06
-138.11,30.41,6370.62
-134.73,9.44,6371.42
-113.72,2.46,6371.99
57.06,7.34,6375.97
-34.20,19.56,6382.13
-10.08,63.89,6383.55
-144.68,30.90,6383.89
65.60,62.39,6388.51
121.74,6.23,6391.80
-14.34,52.87,6392.09
17.67,-1.45,6392.11
5.84,-31.05,6397.42
91.57,38.74,6398.32
157.14,42.80,6399.26
113.58,68.48,6400.78
171.51,7.10,6404.46
-22.28,34.58,6405.76
-143.41,-47.02,6406.65
1.34,32.54,6408.11
29.40,42.88,6416.53
130.23,22.74,6422.40
-154.29,14.10,6423.05
-103.07,52.38,6424.33
-78.56,41.70,6433.11
-139.50,54.63,6434.57
67.59,64.10,6443.95
-169.66,-15.81,6444.97
141.68,-14.32,6445.75
112.12,59.88,6447.29
83.34,37.19,6448.20
1.29,-30.26,6449.72
44.67,-37.44,6454.28
-106.54,-16.74,6454.30
139.30,10.17,6461.00
-164.20,22.08,6462.64
-151.64,-13.51,6462.95
-57.57,-10.94,6464.67
31.08,-5.08,6465.47
177.26,61.63,6472.59
-173.65,-15.13,6479.21
-152.84,14.30,6479.36
-33.64,60.80,6479.92
170.33,-57.07,6480.54
82.38,34.93,6484.71
-4.80,54.88,6490.71
-163.88,4.22,6495.87
-40.12,14.41,6496.75
-36.50,18.72,6499.52
-162.28,26.85,6504.88
-30.36,40.16,6508.28
10.58,56.52,6514.57
128.81,29.23,6518.32
1.88,26.57,6520.85
137.80,-35.02,6522.18
34.58,26.98,6526.98
21.56,28.42,6529.81
-48.37,-45.73,6534.30
102.06,49.82,6535.72
101.78,-21.50,6539.44
-94.25,47.57,6543.76
90.70,-44.84,6545.37
-144.18,47.02,6545.54
-162.22,8.26,6546.49
143.36,30.13,6549.40
3.77,-12.36,6556.75
30.83,52.56,6560.30
58.85,-3.43,6563.90
49.44,-6.67,6564.12
-39.05,-50.30,6564.19
123.69,-7.89,6570.28
12.05,17.02,6574.84
-99.36,7.12,6578.28
1.76,25.44,6582.37
26.91,38.37,6584.22
68.36,2.60,6584.78
137.27,39.45,6588.31
-19.27,-55.60,6589.19
-92.10,14.01,6589.42
111.71,13.65,6592.29
144.77,22.58,6594.91
-164.81,-25.35,6597.66
-16.35,34.29,6599.40
114.12,32.38,6600.13
-28.84,37.22,6601.24
-64.57,55.95,6601.57
-49.37,57.91,6603.16
120.73,34.72,6606.67
89.98,73.53,6615.40
-60.13,30.37,6619.52
-74.15,12.46,6627.52
106.45,38.29,6631.24
44.64,24.44,6634.31
89.42,20.70,6635.50
35.56,-26.84,6636.09
83.68,25.45,6638.54
-47.64,23.52,6640.36
-113.64,-15.55,6640.41
5.53,-26.93,6650.20
-179.92,14.43,6662.36
92.12,-2.64,6672.54
14.97,24.65,6672.65
148.42,11.65,6673.09
20.36,20.71,6673.20
-116.89,-12.55,6673.21
102.42,32.79,6674.64
61.99,75.59,6681.91
-96.35,23.48,6687.23
35.20,-46.41,6688.65
110.25,55.33,6692.18
-124.09,25.51,6694.81
-148.42,11.04,6700.14
20.96,9.76,6701.94
-65.53,23.30,6702.46
-84.52,7.62,6707.51
-15.96,-29.64,6708.87
2.77,59.88,6711.14
-1.24,-4.14,6711.33
-109.84,52.16,6711.77
106.07,20.46,6713.50
-179.64,19.55,6716.18
13.71,-1.25,6718.56
41.20,29.09,6719.89
-25.55,42.04,6724.37
129.82,-9.95,6728.15
79.22,27.93,6732.43
173.08,55.78,6734.88
141.77,26.03,6736.37
179.04,-59.43,6736.58
-22.54,32.67,6739.21
-61.58,-13.92,6757.27
-84.83,36.19,6764.38
119.44,24.67,6765.25
-68.05,-24.03,6767.04
-99.65,22.92,6773.86
134.67,56.66,6777.55
128.72,54.59,6779.75
-105.63,9.40,6780.90
-144.73,-68.17,6782.34
48.78,13.21,6784.50
151.09,-16.24,6790.87
-32.53,24.93,6809.34
110.99,46.60,6810.96
84.84,-5.71,6822.65
113.89,45.17,6827.07
38.55,26.93,6827.89
-179.34,34.13,6829.64
-45.70,-48.37,6831.67
114.22,34.53,6833.53
-53.11,63.07,6835.81
-95.24,-1.64,6840.00
137.68,68.97,6843.81
47.11,38.78,6846.38
-98.54,17.22,6847.10
165.41,16.29,6850.41
-47.61,24.54,6851.96
-3.21,45.53,6853.91
-154.50,4.26,6854.84
49.89,-6.07,6856.30
71.16,-31.40,6856.98
-67.22,-63.84,6859.58
160.46,75.63,6862.75
162.01,11.35,6864.88
-96.77,20.39,6873.25
176.84,21.90,6875.96
36.88,27.75,6879.03
-99.71,18.62,6881.67
89.57,-62.27,6884.11
1.55,-5.63,6884.40
120.23,29.57,6894.73
103.67,20.47,6898.14
9.29,27.45,6901.00
10.28,-26.98,6901.79
149.02,-11.48,6902.44
55.66,63.46,6902.77
50.06,20.32,6906.41
-93.96,18.66,6910.10
8.31,-0.67,6912.46
16.05,62.65,6913.23
-122.95,29.02,6916.97
127.85,78.80,6918.88
-153.45,52.22,6919.04
26.13,25.65,6934.58
22.75,34.64,6934.64
7.88,18.03,6937.76
-120.59,6.19,6945.93
148.05,60.60,6946.76
151.58,-2.40,6955.70
133.29,61.19,6956.61
-116.10,-63.54,6969.11
-148.61,-10.77,6979.18
-99.37,25.00,6991.29
111.79,0.49,7001.99
-72.41,-5.36,7005.62
-82.08,-69.11,7009.96
-108.28,-18.26,7010.18
-111.65,24.38,7013.79
-120.56,21.20,7036.38
128.27,1.96,7042.26
-38.56,62.99,7045.05
130.12,16.58,7050.28
162.29,-1.48,7050.35
-116.25,-0.50,7053.26
-128.22,29.54,7058.90
-159.82,-7.20,7060.73
165.06,-13.55,7062.04
-124.87,-22.64,7062.74
-105.50,31.00,7070.38
60.97,11.30,7077.42
-170.30,24.04,7084.64
6.86,6.40,7093.32
72.17,-38.47,7095.55
98.92,-73.52,7105.65
77.94,-61.59,7110.23
73.05,30.41,7112.71
81.96,-73.82,7115.87
26.12,-40.93,7120.68
-97.20,16.70,7123.59
163.62,17.13,7127.85
-99.38,-33.20,7135.04
26.43,48.68,7138.31
36.00,43.87,7139.17
86.91,36.16,7140.26
71.72,50.06,7143.35
-38.26,-53.34,7144.17
19.98,5.78,7149.89
172.50,35.69,7150.57
50.16,6.53,7152.48
9.32,5.43,7154.46
74.62,-54.30,7157.09
107.96,-34.46,7162.15
-175.84,-38.55,7166.85
-26.92,29.16,7170.92
117.08,-0.54,7173.60
-4.36,41.86,7177.00
153.05,43.11,7180.08
-150.21,-8.28,7186.83
-51.01,73.09,7190.83
69.16,35.76,7201.81
2.47,-60.03,7202.65
-95.84,9.85,7203.87
48.23,33.04,7204.20
-99.78,39.99,7205.89
127.74,40.19,7208.32
-128.01,6.99,7208.32
-160.87,-15.60,7208.55
53.74,48.54,7210.41
-20.84,59.94,7210.89
111.26,39.25,7215.42
141.37,-44.83,7216.23
69.21,14.22,7216.32
21.65,47.22,7217.54
158.69,-7.57,7220.12
39.03,26.34,7223.72
46.27,9.82,7226.59
154.84,17.44,7230.76
110.41,38.78,7240.51
-23.80,-21.85,7240.64
14.93,48.84,7252.41
-82.81,24.02,7256.80
132.17,27.07,7263.85
-68.92,-27.69,7264.53
-40.70,-4.47,7268.11
-40.82,17.00,7269.50
-51.86,-16.77,7271.43
148.62,46.08,7274.06
-178.11,14.41,7280.35
137.34,-38.02,7286.39
145.99,23.61,7296.01
-80.95,-34.50,7298.18
164.41,31.82,7300.00
-156.77,44.23,7303.92
105.38,36.43,7304.13
-91.03,-2.33,7304.33
80.61,24.66,7308.72
-57.22,29.30,7309.04
137.20,-55.89,7310.45
-64.34,-50.47,7317.97
-54.86,13.16,7318.19
165.98,-4.24,7320.76
-49.20,-1.44,7326.57
-102.65,58.20,7327.78
68.62,43.16,7331.31
46.31,-62.38,7334.31
144.12,-11.04,7338.65
40.94,13.02,7340.29
62.74,34.55,7342.20
69.99,32.68,7347.15
66.29,34.34,7348.25
-177.98,-2.64,7350.72
176.90,19.73,7355.63
-20.90,-10.68,7357.61
51.82,2.72,7363.91
69.91,43.98,7364.25
61.54,14.45,7376.28
118.47,62.62,7378.12
-145.14,23.77,7383.92
14.32,-2.05,7388.26
-138.64,-2.36,7393.59
-122.40,58.82,7394.90
32.99,29.88,7394.98
96.62,-28.80,7395.33
-140.51,-44.79,7399.12
-103.83,-32.01,7402.64
-171.01,9.62,7403.14
20.01,59.20,7409.40
71.66,33.21,7410.26
117.44,19.46,7417.47
69.03,40.71,7420.87
85.17,31.11,7431.19
117.94,2.95,7433.71
-132.78,11.23,7457.84
159.58,7.68,7462.35
4.61,43.00,7468.92
-39.01,-46.30,7470.28
-141.11,27.64,7472.80
-148.94,-1.85,7483.26
-69.87,-31.62,7490.63
-34.75,74.59,7493.80
-166.07,28.90,7507.79
-98.09,-82.70,7509.86
-36.35,4.38,7512.80
156.45,-6.86,7513.69
-30.01,37.74,7514.50
-31.10,-18.96,7532.09
157.85,-29.04,7532.16
-155.61,18.07,7532.44
-154.12,12.12,7534.19
130.94,-35.04,7538.85
-98.57,37.82,7544.00
-170.87,7.71,7546.73
144.21,15.13,7549.82
-10.48,54.56,7554.57
-111.48,57.39,7557.03
113.51,7.76,7557.28
-25.51,33.40,7558.02
-169.51,20.92,7569.18
21.39,26.19,7569.34
122.80,29.48,7581.45
-61.30,38.18,7583.13
48.60,-7.05,7584.36
89.83,62.07,7591.63
-85.37,-3.79,7604.47
104.14,-48.35,7607.56
34.08,-16.50,7607.86
84.51,27.76,7610.38
57.37,10.84,7613.57
78.00,36.55,7624.78
-85.95,38.07,7625.43
147.82,27.49,7628.15
33.94,0.11,7641.70
25.06,-0.89,7645.60
74.77,-56.61,7671.19
49.41,60.69,7678.19
-140.53,34.27,7681.03
-177.10,18.64,7681.67
-179.31,30.84,7685.70
75.75,-36.78,7688.66
122.09,25.82,7690.76
-160.35,-5.98,7695.42
136.82,3.88,7703.30
-114.05,15.32,7706.31
-49.30,-14.71,7710.00
168.43,-15.41,7711.74
-4.84,72.71,7716.96
4.86,10.93,7717.07
142.51,35.58,7717.74
123.17,55.97,7723.47
169.95,7.67,7733.07
112.80,25.56,7750.57
-89.48,29.64,7754.27
42.54,37.71,7770.43
-114.64,-43.80,7776.25
-80.48,48.81,7778.12
163.65,6.95,7778.55
13.71,60.11,7783.98
117.44,39.06,7788.22
20.36,54.00,7797.54
4.26,32.97,7803.98
-53.25,-7.20,7815.26
-125.35,-31.32,7818.15
174.52,77.19,7818.69
-116.98,49.87,7820.69
-29.29,27.19,7828.97
20.28,-65.04,7830.52
-172.65,-6.38,7833.84
40.75,-25.79,7835.09
-142.47,-18.09,7836.62
-40.22,56.19,7839.23
157.47,36.36,7841.52
-39.86,11.97,7843.36
-115.99,23.63,7857.13
84.15,4.43,7857.95
19.94,18.93,7862.81
-13.00,28.95,7877.42
-6.42,81.55,7880.95
117.49,-70.30,7887.12
-172.96,64.24,7898.00
164.83,38.35,7898.47
-172.04,6.05,7899.33
15.53,-1.14,7911.12
90.13,-10.03,7911.47
82.33,20.68,7913.21
-85.98,12.43,7914.64
144.39,52.44,7919.74
33.95,19.27,7920.59
179.53,-5.00,7928.12
-176.71,-10.41,7928.57
-81.21,38.01,7931.59
-101.54,12.47,7933.56
134.00,-51.23,7935.32
178.25,24.97,7937.70
-165.19,10.09,7938.35
-42.65,15.27,7941.27
80.10,22.78,7943.04
-67.72,19.01,7951.74
-110.21,-26.01,7954.14
-95.41,29.59,7955.57
121.79,17.98,7957.03
141.56,24.49,7957.94
-65.04,5.41,7958.72
55.68,18.02,7966.01
137.86,58.61,7967.97
89.21,-6.43,7973.26
84.71,21.63,7987.93
99.27,-48.31,8009.62
-79.50,-9.60,8009.96
-35.07,-6.80,8010.00
-149.46,12.32,8010.12
-110.13,-4.52,8022.50
-122.73,35.94,8044.50
-102.37,6.72,8054.98
175.16,-3.19,8058.56
-13.02,-31.37,8065.90
157.04,18.35,8066.10
-143.11,42.56,8066.52
-54.03,66.35,8073.38
-133.71,-48.73,8080.95
26.34,70.34,8086.84
116.48,26.24,8096.86
-128.78,27.91,8098.37
75.81,30.24,8104.71
139.89,17.60,8104.79
35.38,3.44,8108.68
-98.24,57.99,8121.39
-179.78,8.49,8122.44
157.26,27.36,8124.12
19.17,-7.91,8134.24
-53.29,14.97,8135.20
-81.01,-45.85,8137.36
173.01,59.35,8150.31
40.87,-64.01,8157.42
35.29,-0.86,8157.81
-143.81,33.20,8160.80
101.85,68.03,8161.81
-86.13,-17.91,8165.02
-176.52,5.57,8177.65
-30.34,53.13,8179.84
1.98,-21.47,8181.19
42.86,27.62,8189.21
-150.26,20.56,8199.73
177.05,-1.74,8200.27
-142.98,27.43,8204.04
20.93,13.62,8207.79
40.41,-30.07,8219.59
57.89,37.91,8223.30
-174.71,-6.89,8227.44
-79.09,23.95,8231.23
-50.84,-11.38,8232.23
-24.13,45.37,8232.45
-120.51,-13.81,8234.08
42.09,51.40,8234.30
-71.60,19.69,8235.81
139.78,24.43,8242.55
4.17,69.21,8244.43
94.34,52.95,8252.38
-133.57,13.01,8263.28
-108.99,10.21,8272.05
-28.06,32.46,8274.37
89.06,59.51,8278.61
-58.96,-70.66,8281.02
-78.70,35.86,8283.01
18.56,27.37,8285.16
177.39,12.44,8292.42
-170.80,23.53,8305.17
43.47,46.79,8305.58
-38.73,-38.40,8312.33
-173.21,47.14,8315.79
-151.42,41.00,8325.96
141.71,-39.29,8328.69
59.69,7.78,8331.15
10.93,42.03,8336.36
92.60,42.75,8344.06
38.98,38.50,8360.28
-46.51,27.18,8379.55
-127.83,-19.64,8382.56
169.96,0.27,8415.00
-71.71,-41.41,8422.80
121.46,-6.30,8425.25
78.20,69.38,8431.29
-132.63,63.42,8432.58
70.83,36.81,8438.27
143.85,9.62,8440.95
-96.21,5.31,8443.83
-113.66,51.09,8450.90
40.02,45.86,8451.61
-136.24,6.61,8478.36
-107.12,25.07,8489.05
-13.12,31.28,8499.32
119.93,15.95,8502.26
-88.92,25.21,8508.74
49.33,36.06,8512.99
56.29,2.60,8514.42
-93.54,45.41,8515.71
-176.87,29.41,8522.78
-24.81,51.57,8534.76
-100.16,17.91,8535.67
127.82,63.21,8542.31
-124.90,25.21,8545.34
51.69,11.78,8547.00
-85.64,5.02,8557.69
-176.60,32.77,8560.35
-22.73,26.96,8562.73
-32.51,44.61,8578.56
-99.29,9.13,8594.01
-61.03,-33.28,8596.96
-74.62,16.47,8610.76
-76.22,17.57,8620.92
160.94,24.95,8624.36
-88.62,39.12,8646.40
23.21,41.15,8662.52
85.35,23.35,8664.83
-65.78,12.58,8668.06
-160.56,57.29,8673.77
-141.05,57.31,8682.96
7.52,56.98,8683.47
34.98,67.31,8705.88
122.21,27.49,8710.11
-50.68,-42.63,8723.29
-118.66,25.33,8729.16
-69.84,-7.21,8741.22
85.36,32.70,8743.77
-135.16,39.68,8744.27
61.33,-3.41,8745.07
163.93,21.36,8748.76
-162.11,51.09,8749.59
143.87,13.96,8751.87
-103.04,13.62,8752.69
53.66,51.79,8753.43
-117.89,47.57,8756.26
22.36,21.38,8762.05
-69.58,-46.85,8767.55
79.57,10.53,8780.25
-36.51,-16.39,8789.01
13.44,51.22,8789.92
65.87,25.81,8797.80
121.36,37.47,8798.95
-138.25,62.98,8805.12
-38.07,59.37,8809.08
-58.73,62.27,8814.54
-49.84,-15.29,8822.61
13.53,0.78,8824.49
53.58,14.10,8827.90
-41.58,18.62,8832.29
-61.40,31.62,8833.99
165.59,51.26,8839.18
88.09,-37.29,8843.21
89.87,17.45,8844.56
-66.21,2.85,8849.16
160.54,-16.81,8858.64
-52.23,30.78,8860.11
-97.83,3.93,8867.46
88.55,55.95,8871.16
63.55,16.03,8877.00
143.90,34.45,8889.69
-24.77,72.99,8889.83
-145.97,33.48,8905.48
159.82,1.06,8916.27
129.19,-6.58,8919.10
124.47,17.46,8926.07
120.23,76.17,8936.83
7.32,7.90,8952.11
52.58,-0.95,8954.56
-122.43,46.55,8960.44
53.06,4.46,8964.13
-110.15,47.32,8965.77
112.02,-40.77,8966.88
130.43,32.70,8973.96
115.50,21.70,8984.67
118.31,-41.63,8990.94
-118.99,-7.82,8994.59
-137.83,1.72,9016.26
118.37,-8.66,9043.26
85.37,15.40,9045.42
162.14,65.35,9069.84
-147.33,16.84,9072.21
-156.59,3.76,9073.46
113.50,23.29,9097.84
63.35,40.65,9102.99
165.78,18.37,9107.36
-37.25,2.74,9128.21
70.65,-20.51,9131.29
169.44,18.11,9135.39
170.29,12.81,9138.24
2.79,15.02,9149.54
105.85,26.39,9153.48
64.18,22.08,9178.05
73.13,42.96,9182.84
-143.11,-4.60,9184.69
13.95,-38.59,9202.75
-28.26,51.42,9205.15
100.06,52.28,9210.90
-124.41,1.48,9224.21
-32.14,38.67,9231.06
55.97,59.74,9236.63
53.58,46.60,9237.24
126.96,22.79,9253.53
146.97,14.83,9256.96
-94.16,15.41,9261.36
-158.30,4.44,9269.46
147.15,21.37,9270.62
91.27,32.56,9288.41
148.21,14.85,9293.20
-148.21,34.40,9294.20
-57.53,31.22,9296.51
55.33,-50.76,9307.04
163.43,11.21,9307.19
141.82,18.97,9310.47
-161.04,62.54,9311.68
42.73,-10.46,9315.41
-66.43,14.58,9320.31
159.94,17.32,9323.58
105.21,17.63,9331.11
119.60,0.16,9337.65
136.76,22.19,9341.45
100.50,29.17,9345.70
106.16,50.56,9346.82
-80.42,-5.09,9354.71
-35.08,-1.09,9366.03
87.71,2.78,9366.81
129.08,-47.52,9367.10
145.43,51.88,9371.84
37.52,-1.22,9372.87
-44.94,-44.84,9385.27
52.48,29.60,9406.74
-19.15,34.68,9412.86
-61.65,24.24,9424.52
87.70,6.34,9425.16
-77.18,35.20,9430.38
-42.44,6.52,9431.54
105.55,24.45,9438.00
-147.24,-13.47,9451.87
40.57,-48.77,9459.10
-170.94,1.50,9486.39
51.02,15.00,9489.81
-87.63,48.39,9510.43
-153.04,29.38,9510.75
-139.66,-64.78,9533.39
177.12,-10.40,9546.95
64.81,-28.08,9551.73
-143.60,66.61,9553.39
80.78,27.88,9555.73
3.63,21.01,9557.29
-41.54,-2.26,9557.98
-139.65,25.01,9560.38
101.43,-17.16,9560.89
121.25,51.60,9575.23
-28.19,-9.82,9584.86
-72.28,6.96,9599.17
154.78,-13.88,9600.08
-33.67,48.58,9606.64
-149.62,-28.98,9624.35
77.71,40.37,9626.16
-8.79,36.06,9627.44
11.62,34.01,9629.21
-12.87,53.16,9629.27
-177.49,26.12,9629.60
-160.84,-46.08,9632.70
143.35,6.40,9639.24
-178.71,5.03,9657.74
-44.99,48.50,9660.98
128.74,67.01,9666.52
59.68,65.27,9675.36
170.80,27.02,9685.20
-29.57,-44.32,9689.72
49.79,-50.15,9697.80
-139.13,59.47,9698.15
23.07,15.52,9752.40
137.16,9.66,9757.93
-140.05,-0.42,9774.43
115.54,15.09,9776.09
-172.12,-0.06,9787.39
42.06,23.40,9802.02
13.19,38.38,9822.48
168.39,-7.46,9827.04
-70.06,27.04,9834.91
118.91,26.49,9862.08
-50.03,5.75,9873.85
166.69,58.58,9876.84
160.51,19.54,9879.06
-57.13,18.33,9911.32
75.38,63.96,9951.59
-175.97,0.13,9965.62
-129.85,52.81,9972.75
172.57,8.94,9989.23
37.63,45.80,9992.75
94.93,-47.28,9995.01
-26.05,-9.89,10010.88
61.70,-32.47,10024.09
88.75,-51.77,10033.95
165.36,6.48,10054.19
-49.52,5.39,10057.20
-144.75,61.38,10058.22
75.44,56.50,10061.94
-9.01,42.99,10073.76
2.26,-7.94,10087.77
158.11,46.01,10092.77
130.38,45.71,10100.67
156.36,61.41,10121.80
-124.98,60.86,10122.40
54.11,31.82,10135.41
159.24,22.16,10150.01
170.50,-78.08,10151.98
155.03,-34.67,10157.50
124.71,42.17,10168.55
-86.39,-4.19,10183.05
-125.79,11.43,10211.42
-104.83,54.19,10254.69
-34.76,-18.75,10256.25
-173.84,6.74,10265.41
87.65,37.55,10265.61
115.35,54.09,10278.55
23.98,47.26,10278.93
71.83,12.69,10285.03
112.41,-4.84,10285.78
127.80,6.70,10313.09
28.00,-15.22,10319.81
133.11,64.53,10329.95
10.38,-0.10,10338.05
-100.29,53.19,10344.52
16.93,11.39,10352.34
121.97,78.37,10357.83
-175.99,39.89,10373.77
66.12,48.89,10382.94
-8.08,71.62,10386.04
-150.13,33.44,10395.94
-138.17,-12.70,10404.11
-58.78,34.36,10413.85
14.31,-54.25,10423.98
-88.50,-2.85,10441.53
-138.46,39.46,10452.22
140.29,59.68,10468.62
114.49,30.67,10474.71
-32.35,-33.49,10481.50
152.71,37.85,10502.00
-107.00,48.79,10511.49
-165.33,53.81,10522.85
-128.09,24.67,10568.61
48.20,30.44,10593.60
93.53,64.59,10616.14
-177.93,10.03,10640.10
-75.53,19.00,10691.59
55.74,15.49,10696.04
-119.15,33.66,10737.75
135.12,16.40,10778.89
-120.56,27.27,10793.73
88.91,64.12,10806.33
-0.89,-32.28,10807.63
84.48,-33.67,10814.68
19.71,-18.72,10817.33
112.84,1.07,10822.92
-62.16,-9.72,10832.89
111.38,-1.36,10853.82
-101.92,30.86,10860.30
-133.31,25.16,10870.02
-58.55,12.35,10877.03
78.82,32.73,10879.88
20.52,7.45,10897.96
-10.63,49.43,10905.85
163.10,69.86,10914.13
167.43,-53.51,10920.32
68.31,-6.81,10920.85
7.35,-6.20,10922.43
-34.90,66.23,10943.21
107.25,56.39,10968.13
-179.98,36.05,10980.92
18.63,24.36,10986.12
-150.67,58.16,10988.92
163.33,36.98,10990.26
-46.69,-7.52,11009.09
-130.24,59.41,11010.35
151.48,-13.16,11010.60
-10.34,-18.57,11021.14
28.35,1.99,11043.09
18.80,56.76,11050.96
71.48,-63.48,11061.60
33.13,16.45,11066.40
51.04,22.52,11082.44
-44.94,59.17,11091.38
-101.66,0.22,11102.17
-62.48,36.22,11126.01
101.22,45.67,11131.02
133.70,28.72,11132.59
160.15,41.59,11141.55
69.68,-39.63,11159.60
-143.87,-15.52,11185.30
8.28,57.77,11195.42
-123.05,-37.41,11199.84
115.76,-13.40,11208.40
3.05,-31.98,11208.49
-28.91,-27.18,11209.13
20.77,32.80,11211.80
65.79,-10.48,11223.67
-63.78,17.25,11248.25
96.48,54.78,11254.37
133.66,63.00,11263.13
37.44,-16.22,11297.95
-168.85,0.92,11303.14
-157.18,15.43,11331.29
-179.79,58.96,11336.57
92.79,-28.14,11355.95
9.71,38.22,11366.00
-82.43,16.64,11369.10
161.55,33.38,11377.59
-12.99,-39.70,11399.28
-30.12,72.22,11437.28
122.08,13.19,11454.29
-159.86,11.49,11475.84
-66.26,-18.77,11498.35
-6.99,55.04,11518.03
-128.34,22.64,11527.71
-136.31,27.48,11540.70
81.21,61.38,11541.63
177.34,57.52,11544.49
154.38,2.21,11571.92
-81.75,-10.16,11574.63
142.08,57.68,11596.45
116.32,-39.92,11602.55
171.10,48.16,11604.11
-103.00,41.31,11622.42
-152.86,47.03,11638.29
-0.98,65.15,11661.86
-129.66,-21.11,11670.82
-134.31,21.63,11674.65
-156.49,-1.69,11684.07
-92.71,-6.48,11713.15
-104.18,10.44,11753.31
157.81,67.50,11781.39
-166.63,27.19,11793.24
-43.65,3.13,11803.05
136.44,27.66,11807.10
-122.39,6.87,11809.14
-111.55,28.09,11828.37
-48.49,-26.86,11861.02
127.24,58.33,11871.34
160.75,54.59,11888.63
-139.60,-17.94,11891.45
118.40,31.42,11892.95
-68.24,28.78,11906.78
131.19,31.65,11923.31
34.67,-54.45,11967.13
-120.99,23.04,12011.37
151.99,19.43,12014.79
-97.71,45.61,12035.88
94.41,-44.33,12072.92
-36.65,68.01,12078.69
-71.51,44.68,12080.74
115.95,10.83,12080.91
-81.55,21.77,12118.77
-29.88,64.33,12125.24
-64.76,51.22,12181.52
59.86,59.09,12188.93
46.66,-59.20,12193.59
50.61,53.80,12234.03
-32.69,41.71,12237.74
118.54,41.31,12242.14
-6.29,62.03,12285.35
-57.38,-27.92,12296.50
151.63,-8.93,12331.32
-102.17,50.19,12333.46
120.45,83.00,12337.94
-153.51,64.58,12398.90
-81.07,-48.94,12410.94
-109.68,-20.30,12522.45
-91.36,-16.06,12526.64
37.48,-12.14,12545.08
157.98,56.46,12602.44
-14.62,45.45,12615.70
-72.50,14.18,12631.79
-15.06,-9.77,12684.49
-165.30,51.29,12706.62
179.67,-21.36,12746.29
-84.47,17.51,12759.40
-117.48,-6.40,12771.32
-53.40,19.22,12772.03
163.51,67.51,12802.73
-169.19,31.58,12810.92
60.50,29.88,12856.18
-152.56,10.21,12878.82
-171.45,4.48,12903.49
165.33,-15.29,12910.38
7.36,3.25,12928.08
-94.10,7.01,12956.90
107.07,28.94,12974.12
-12.96,48.21,12989.01
-36.22,-23.83,13030.75
154.52,25.01,13041.00
109.34,-1.40,13087.02
-112.66,-40.73,13093.59
34.49,71.85,13158.99
49.70,57.60,13160.51
14.23,17.50,13171.45
-92.04,-11.37,13172.33
37.32,33.10,13181.16
-156.46,56.54,13189.77
-21.26,25.46,13190.18
-130.17,56.64,13270.60
178.87,0.50,13276.85
-86.20,-60.76,13290.05
-134.15,-11.07,13300.32
46.55,73.81,13329.43
1.28,-23.94,13356.13
116.74,-5.04,13404.82
-49.22,48.61,13407.18
96.83,39.41,13448.10
140.35,65.03,13463.79
130.76,56.26,13525.67
-141.35,52.66,13568.97
32.01,66.26,13580.45
15.97,-17.03,13628.45
16.15,45.89,13646.75
-61.57,71.56,13690.40
9.34,21.84,13703.89
54.05,65.45,13750.92
172.45,60.87,13806.70
158.74,73.64,13891.30
115.70,44.71,13953.56
70.33,6.80,13992.69
155.13,9.69,14052.99
90.67,-55.47,14059.67
-79.39,-36.83,14107.35
-6.72,52.43,14122.53
145.74,39.33,14144.55
101.41,9.76,14162.87
-68.58,47.53,14247.03
-120.23,-1.22,14302.78
-123.17,-79.34,14377.47
70.60,0.38,14408.05
175.35,40.43,14462.50
-97.44,19.71,14512.66
-159.30,34.17,14560.70
60.98,49.92,14618.72
-111.33,14.65,14631.86
85.49,40.79,14734.46
9.04,-33.59,14760.38
122.41,67.00,14798.73
-88.25,23.09,14820.60
-133.20,-13.70,14847.65
-21.98,-26.35,14917.30
-78.60,19.32,14919.76
98.08,49.53,14990.57
-163.72,-7.75,15021.88
-130.91,11.16,15029.20
57.16,-34.68,15030.89
15.59,-9.41,15032.18
139.16,-70.13,15179.81
-52.50,50.35,15245.11
-173.50,18.44,15269.07
9.56,47.82,15305.33
-46.59,12.68,15388.23
9.91,11.67,15392.15
-139.53,22.11,15414.76
-6.48,37.67,15546.21
16.38,-16.21,15619.70
-125.64,14.52,15744.90
124.13,39.29,15839.35
-71.27,-12.98,15859.07
-84.82,50.08,15907.59
-2.15,-0.63,15915.87
-79.10,50.29,15976.12
-163.35,59.29,16088.60
-96.27,61.73,16131.47
160.07,31.33,16151.23
-152.28,52.46,16217.46
-67.45,-26.17,16416.23
54.95,24.74,16455.61
14.54,28.71,16493.48
-129.61,33.38,16501.28
43.43,-39.47,16514.45
116.46,53.30,16514.71
-168.95,-53.96,16523.85
-9.31,-58.77,16551.17
96.65,20.07,16577.30
170.75,-38.38,16588.00
-77.80,4.84,16623.11
169.41,50.61,16720.00
-74.09,-4.19,16877.26
-145.40,-58.83,16896.56
-59.38,51.15,16910.93
-81.85,30.19,16931.67
177.17,-24.24,16931.91
-111.19,46.84,17069.51
20.60,36.94,17124.25
-169.84,-8.58,17130.53
-54.11,38.55,17161.55
131.63,41.60,17193.16
153.73,8.05,17202.50
-75.20,44.89,17269.06
-61.65,13.22,17297.78
26.70,21.07,17348.38
123.16,-12.37,17430.94
137.31,4.88,17512.32
-115.94,-30.02,17524.73
-75.16,42.41,17542.73
-16.15,61.53,17659.09
133.13,10.94,17835.92
-76.11,38.67,17892.42
139.02,-1.43,17917.65
94.15,36.25,17985.07
-87.70,79.77,18020.83
104.63,64.57,18056.14
16.95,71.67,18064.97
-160.83,16.94,18072.05
-61.36,-75.92,18270.59
-40.89,-11.28,18413.02
-130.81,4.80,18414.25
-16.97,56.51,18438.19
-9.66,-28.61,18443.05
-46.79,-18.45,18591.30
179.26,-40.12,18636.03
64.67,29.72,18771.57
-89.43,-20.41,18984.44
136.79,-10.56,19167.42
-145.90,2.49,19185.24
-64.09,-39.03,19411.72
-166.49,17.85,19411.98
-20.75,-21.97,19505.15
55.97,-11.80,19661.23
-94.20,32.80,19703.00
13.75,-68.90,19799.36
-68.01,33.36,19803.68
-122.82,19.16,19853.68
-109.19,19.97,19877.44
49.32,49.56,19888.62
-123.05,63.80,20043.64
-68.68,-53.28,20161.83
36.96,-22.45,20171.31
40.80,-4.71,20244.60
-93.05,42.28,20302.36
-142.08,13.16,20406.57
-134.03,17.58,20710.85
-83.88,28.79,20777.69
-101.31,-23.05,20800.07
72.41,-58.51,20842.75
51.28,-15.20,20902.69
-105.10,22.34,20974.06
22.65,65.72,20977.89
92.89,31.15,21048.29
66.65,71.23,21107.68
20.45,-38.41,21219.41
-105.77,-33.04,21392.80
-2.66,20.41,21440.81
10.38,-72.33,21469.13
77.88,18.18,22095.98
-87.44,-41.49,22186.26
-34.78,33.14,22390.58
167.37,23.39,22620.29
18.27,-30.04,22622.98
-149.14,4.11,22914.96
-27.04,70.18,22922.85
-5.29,-29.65,23042.49
18.67,1.25,23118.61
-30.24,-64.30,23147.03
161.82,27.09,23402.67
-13.88,69.06,23879.36
-85.10,42.06,24024.75
66.35,-30.06,24134.09
73.10,4.92,24202.64
164.43,-0.95,24355.23
100.90,-59.10,24695.11
-127.71,41.07,24770.56
-47.89,75.64,25680.71
-42.78,-0.06,26517.63
-168.53,-24.14,27534.08
-5.88,-42.95,27782.72
-75.09,57.72,28117.14
-30.14,54.61,28840.15
-9.21,-68.32,28892.03
-63.00,-3.16,29509.27
165.45,-46.76,29610.93
37.25,-7.51,29722.14
72.53,61.33,30661.20
-88.56,-75.22,32442.06
143.75,46.51,33370.94
82.07,48.41,33770.70
99.15,-8.03,34546.61
-169.02,-49.70,34735.79
179.45,-69.31,39216.84
-178.43,-29.56,39220.42
-173.98,53.00,39832.05
-162.25,37.77,39887.68
-53.13,25.87,40319.88
-22.44,38.61,43501.51
96.73,17.60,44589.15
-42.68,35.56,48668.93
-10.72,16.81,48934.01
-103.70,29.72,50754.42
173.44,1.87,56258.07
-20.24,9.72,56690.38
-96.44,69.96,56828.43
-164.48,6.46,66556.16
78.44,-69.80,87141.65
-156.59,76.69,94699.55
-169.37,-21.35,104534.31
89.69,65.61,106109.86
93.52,42.82,126082.82
176.15,23.58,172812.32
36.32,33.09,212303.02
104.64,-0.49,248422.65
